[{"model": "posts.group", "pk": 1, "fields": {"title": "\u0426\u0438\u0442\u0430\u0442\u044b \u0441 \u041a\u043e\u043d\u0442\u0438\u043d\u0435\u043d\u0442\u0430", "slug": "continent", "description": "\u0412\u0441\u044f\u043a\u043e\u0435 \u0432\u0435\u0434\u044c\u043c\u0430\u0447\u044c\u0435"}}, {"model": "posts.group", "pk": 2, "fields": {"title": "\u0422\u044b\u0440 \u041f\u044b\u0440 8 \u0414\u044b\u0440", "slug": "moldova", "description": "\u0422\u044b\u0440 \u041f\u044b\u0440 8 \u0414\u044b\u0440"}}, {"model": "thumbnail.kvstore", "pk": "sorl-thumbnail||image||0a0934f3d9df2ed98f6c8a87dab915b0", "fields": {"value": "{\"name\": \"posts/original.jpg\", \"storage\": \"django.core.files.storage.FileSystemStorage\", \"size\": [650, 427]}"}}, {"model": "thumbnail.kvstore", "pk": "sorl-thumbnail||image||1219471da8760c3ba73c57d8c750cf2b", "fields": {"value": "{\"name\": \"cache/ce/d3/ced3f7f040eea42f5a4724238b14522b.jpg\", \"storage\": \"django.core.files.storage.FileSystemStorage\", \"size\": [960, 339]}"}}, {"model": "thumbnail.kvstore", "pk": "sorl-thumbnail||image||13b3cebe2b6398b831e571788e14f837", "fields": {"value": "{\"name\": \"posts/6203b83.jpg\", \"storage\": \"django.core.files.storage.FileSystemStorage\", \"size\": [4896, 3264]}"}}, {"model": "thumbnail.kvstore", "pk": "sorl-thumbnail||image||1ded0e104e8244449ca1053ea572e5d4", "fields": {"value": "{\"name\": \"posts/IOM1zpyziqY.jpg\", \"storage\": \"django.core.files.storage.FileSystemStorage\", \"size\": [1574, 2100]}"}}, {"model": "thumbnail.kvstore", "pk": "sorl-thumbnail||image||3c30789f45c2bce6f13281623bd6a649", "fields": {"value": "{\"name\": \"posts/IMG_1493.JPG\", \"storage\": \"django.core.files.storage.FileSystemStorage\", \"size\": [2880, 1800]}"}}, {"model": "thumbnail.kvstore", "pk": "sorl-thumbnail||image||57eeaca61f1564455d0143432efabae3", "fields": {"value": "{\"name\": \"cache/ce/87/ce87b113562adc9745639cd3fe762f9c.jpg\", \"storage\": \"django.core.files.storage.FileSystemStorage\", \"size\": [960, 339]}"}}, {"model": "thumbnail.kvstore", "pk": "sorl-thumbnail||image||a7b3853e54ea213745b3f090a1a04448", "fields": {"value": "{\"name\": \"posts/d164f536487949.571e7ee4b20f2.jpg\", \"storage\": \"django.core.files.storage.FileSystemStorage\", \"size\": [1920, 1080]}"}}, {"model": "thumbnail.kvstore", "pk": "sorl-thumbnail||image||b7c53302600276c9560d5b1ae5c206f1", "fields": {"value": "{\"name\": \"cache/9f/62/9f6242d23fed12d06a4524564dd228ee.jpg\", \"storage\": \"django.core.files.storage.FileSystemStorage\", \"size\": [960, 339]}"}}, {"model": "thumbnail.kvstore", "pk": "sorl-thumbnail||image||c047ae5a654fd1de219f304cb727816a", "fields": {"value": "{\"name\": \"cache/9d/02/9d029d51bd8e1d7653db78c8a0542b7c.jpg\", \"storage\": \"django.core.files.storage.FileSystemStorage\", \"size\": [960, 339]}"}}, {"model": "thumbnail.kvstore", "pk": "sorl-thumbnail||image||fb3bacec0fefbb283af73f1f0c8ae0ad", "fields": {"value": "{\"name\": \"cache/18/59/18599fad286855098a13dbadb09fd587.jpg\", \"storage\": \"django.core.files.storage.FileSystemStorage\", \"size\": [960, 339]}"}}, {"model": "thumbnail.kvstore", "pk": "sorl-thumbnail||thumbnails||0a0934f3d9df2ed98f6c8a87dab915b0", "fields": {"value": "[\"c047ae5a654fd1de219f304cb727816a\"]"}}, {"model": "thumbnail.kvstore", "pk": "sorl-thumbnail||thumbnails||13b3cebe2b6398b831e571788e14f837", "fields": {"value": "[\"fb3bacec0fefbb283af73f1f0c8ae0ad\"]"}}, {"model": "thumbnail.kvstore", "pk": "sorl-thumbnail||thumbnails||1ded0e104e8244449ca1053ea572e5d4", "fields": {"value": "[\"b7c53302600276c9560d5b1ae5c206f1\"]"}}, {"model": "thumbnail.kvstore", "pk": "sorl-thumbnail||thumbnails||3c30789f45c2bce6f13281623bd6a649", "fields": {"value": "[\"1219471da8760c3ba73c57d8c750cf2b\"]"}}, {"model": "thumbnail.kvstore", "pk": "sorl-thumbnail||thumbnails||a7b3853e54ea213745b3f090a1a04448", "fields": {"value": "[\"57eeaca61f1564455d0143432efabae3\"]"}}, {"model": "sites.site", "pk": 1, "fields": {"domain": "127.0.0.1:8000", "name": "127.0.0.1:8000"}}, {"model": "flatpages.flatpage", "pk": 1, "fields": {"url": "/contacts/", "title": "\u041a\u043e\u043d\u0442\u0430\u043a\u0442\u043d\u0430\u044f \u0438\u043d\u0444\u043e\u0440\u043c\u0430\u0446\u0438\u044f", "content": "<p class=\"lead\">\u0427\u0442\u043e\u0431\u044b \u0441\u0432\u044f\u0437\u0430\u0442\u044c\u0441\u044f \u0441 \u043d\u0430\u043c\u0438 \u043f\u0438\u0448\u0438\u0442\u0435 \u043d\u0430 <a href=\"mailto:we@yatube.com\">mailto:we@yatube.com</a></p>", "enable_comments": false, "template_name": "", "registration_required": false, "sites": [1]}}, {"model": "flatpages.flatpage", "pk": 2, "fields": {"url": "/about-author/", "title": "\u041e\u0431 \u0430\u0432\u0442\u043e\u0440\u0435", "content": "<p>My name is Vadim Ceban. \r\nMy resume:\r\nMy GitHub: https://github.com/cebanauskes</p>\r\n<img src='/static/mug/kojima.jpg'></img>", "enable_comments": false, "template_name": "", "registration_required": false, "sites": [1]}}, {"model": "contenttypes.contenttype", "pk": 1, "fields": {"app_label": "posts", "model": "post"}}, {"model": "contenttypes.contenttype", "pk": 2, "fields": {"app_label": "posts", "model": "group"}}, {"model": "contenttypes.contenttype", "pk": 3, "fields": {"app_label": "admin", "model": "logentry"}}, {"model": "contenttypes.contenttype", "pk": 4, "fields": {"app_label": "auth", "model": "permission"}}, {"model": "contenttypes.contenttype", "pk": 5, "fields": {"app_label": "auth", "model": "group"}}, {"model": "contenttypes.contenttype", "pk": 6, "fields": {"app_label": "auth", "model": "user"}}, {"model": "contenttypes.contenttype", "pk": 7, "fields": {"app_label": "contenttypes", "model": "contenttype"}}, {"model": "contenttypes.contenttype", "pk": 8, "fields": {"app_label": "sessions", "model": "session"}}, {"model": "contenttypes.contenttype", "pk": 9, "fields": {"app_label": "sites", "model": "site"}}, {"model": "contenttypes.contenttype", "pk": 10, "fields": {"app_label": "flatpages", "model": "flatpage"}}, {"model": "contenttypes.contenttype", "pk": 11, "fields": {"app_label": "thumbnail", "model": "kvstore"}}, {"model": "contenttypes.contenttype", "pk": 12, "fields": {"app_label": "posts", "model": "comment"}}, {"model": "contenttypes.contenttype", "pk": 13, "fields": {"app_label": "posts", "model": "follow"}}, {"model": "sessions.session", "pk": "dmmzppw5iqd6o9ojamgbi3aln5ag1qsm", "fields": {"session_data": "YWFkNjA2YjBhNDA2MTc1NWNjOTA1NmMyZWIwMjU1NmJkN2FmMmQxNzp7Il9hdXRoX3VzZXJfaWQiOiIyIiwiX2F1dGhfdXNlcl9iYWNrZW5kIjoiZGphbmdvLmNvbnRyaWIuYXV0aC5iYWNrZW5kcy5Nb2RlbEJhY2tlbmQiLCJfYXV0aF91c2VyX2hhc2giOiJlZTU4ZjVjNWQ2YzZlN2U4ZDZlNjFhMGFkNjNlN2FkYjEyY2NmMWJlIn0=", "expire_date": "2020-02-22T15:30:25.654Z"}}, {"model": "sessions.session", "pk": "lipsstt57f1rvbfwpj11gysypktqae7f", "fields": {"session_data": "YWFkNjA2YjBhNDA2MTc1NWNjOTA1NmMyZWIwMjU1NmJkN2FmMmQxNzp7Il9hdXRoX3VzZXJfaWQiOiIyIiwiX2F1dGhfdXNlcl9iYWNrZW5kIjoiZGphbmdvLmNvbnRyaWIuYXV0aC5iYWNrZW5kcy5Nb2RlbEJhY2tlbmQiLCJfYXV0aF91c2VyX2hhc2giOiJlZTU4ZjVjNWQ2YzZlN2U4ZDZlNjFhMGFkNjNlN2FkYjEyY2NmMWJlIn0=", "expire_date": "2020-02-29T20:03:05.464Z"}}, {"model": "sessions.session", "pk": "rl00krtsk55gkhen6klrz057fhgqdwtc", "fields": {"session_data": "ODNmZDViNjFjYzE3NjEwNzMzNzE4MDkzN2YzNzExYjU2OWU3MmU4Mjp7Il9hdXRoX3VzZXJfaWQiOiIxIiwiX2F1dGhfdXNlcl9iYWNrZW5kIjoiZGphbmdvLmNvbnRyaWIuYXV0aC5iYWNrZW5kcy5Nb2RlbEJhY2tlbmQiLCJfYXV0aF91c2VyX2hhc2giOiIyOTc1MTA0ZjBmYWY2ZGU2ZTI2MTY3ZjNmY2IyNDVhYjUwNjM3MjlhIn0=", "expire_date": "2020-02-08T15:26:35.572Z"}}, {"model": "sessions.session", "pk": "s3hfjx8apy6mrz1atznvokj5sp3yvi8o", "fields": {"session_data": "YWFkNjA2YjBhNDA2MTc1NWNjOTA1NmMyZWIwMjU1NmJkN2FmMmQxNzp7Il9hdXRoX3VzZXJfaWQiOiIyIiwiX2F1dGhfdXNlcl9iYWNrZW5kIjoiZGphbmdvLmNvbnRyaWIuYXV0aC5iYWNrZW5kcy5Nb2RlbEJhY2tlbmQiLCJfYXV0aF91c2VyX2hhc2giOiJlZTU4ZjVjNWQ2YzZlN2U4ZDZlNjFhMGFkNjNlN2FkYjEyY2NmMWJlIn0=", "expire_date": "2020-03-22T17:14:25.312Z"}}, {"model": "sessions.session", "pk": "zbz08oqg2arat03qzu6b702k6xvvcxuv", "fields": {"session_data": "YWFkNjA2YjBhNDA2MTc1NWNjOTA1NmMyZWIwMjU1NmJkN2FmMmQxNzp7Il9hdXRoX3VzZXJfaWQiOiIyIiwiX2F1dGhfdXNlcl9iYWNrZW5kIjoiZGphbmdvLmNvbnRyaWIuYXV0aC5iYWNrZW5kcy5Nb2RlbEJhY2tlbmQiLCJfYXV0aF91c2VyX2hhc2giOiJlZTU4ZjVjNWQ2YzZlN2U4ZDZlNjFhMGFkNjNlN2FkYjEyY2NmMWJlIn0=", "expire_date": "2020-02-29T07:19:38.926Z"}}, {"model": "auth.permission", "pk": 1, "fields": {"name": "Can add post", "content_type": 1, "codename": "add_post"}}, {"model": "auth.permission", "pk": 2, "fields": {"name": "Can change post", "content_type": 1, "codename": "change_post"}}, {"model": "auth.permission", "pk": 3, "fields": {"name": "Can delete post", "content_type": 1, "codename": "delete_post"}}, {"model": "auth.permission", "pk": 4, "fields": {"name": "Can view post", "content_type": 1, "codename": "view_post"}}, {"model": "auth.permission", "pk": 5, "fields": {"name": "Can add group", "content_type": 2, "codename": "add_group"}}, {"model": "auth.permission", "pk": 6, "fields": {"name": "Can change group", "content_type": 2, "codename": "change_group"}}, {"model": "auth.permission", "pk": 7, "fields": {"name": "Can delete group", "content_type": 2, "codename": "delete_group"}}, {"model": "auth.permission", "pk": 8, "fields": {"name": "Can view group", "content_type": 2, "codename": "view_group"}}, {"model": "auth.permission", "pk": 9, "fields": {"name": "Can add log entry", "content_type": 3, "codename": "add_logentry"}}, {"model": "auth.permission", "pk": 10, "fields": {"name": "Can change log entry", "content_type": 3, "codename": "change_logentry"}}, {"model": "auth.permission", "pk": 11, "fields": {"name": "Can delete log entry", "content_type": 3, "codename": "delete_logentry"}}, {"model": "auth.permission", "pk": 12, "fields": {"name": "Can view log entry", "content_type": 3, "codename": "view_logentry"}}, {"model": "auth.permission", "pk": 13, "fields": {"name": "Can add permission", "content_type": 4, "codename": "add_permission"}}, {"model": "auth.permission", "pk": 14, "fields": {"name": "Can change permission", "content_type": 4, "codename": "change_permission"}}, {"model": "auth.permission", "pk": 15, "fields": {"name": "Can delete permission", "content_type": 4, "codename": "delete_permission"}}, {"model": "auth.permission", "pk": 16, "fields": {"name": "Can view permission", "content_type": 4, "codename": "view_permission"}}, {"model": "auth.permission", "pk": 17, "fields": {"name": "Can add group", "content_type": 5, "codename": "add_group"}}, {"model": "auth.permission", "pk": 18, "fields": {"name": "Can change group", "content_type": 5, "codename": "change_group"}}, {"model": "auth.permission", "pk": 19, "fields": {"name": "Can delete group", "content_type": 5, "codename": "delete_group"}}, {"model": "auth.permission", "pk": 20, "fields": {"name": "Can view group", "content_type": 5, "codename": "view_group"}}, {"model": "auth.permission", "pk": 21, "fields": {"name": "Can add user", "content_type": 6, "codename": "add_user"}}, {"model": "auth.permission", "pk": 22, "fields": {"name": "Can change user", "content_type": 6, "codename": "change_user"}}, {"model": "auth.permission", "pk": 23, "fields": {"name": "Can delete user", "content_type": 6, "codename": "delete_user"}}, {"model": "auth.permission", "pk": 24, "fields": {"name": "Can view user", "content_type": 6, "codename": "view_user"}}, {"model": "auth.permission", "pk": 25, "fields": {"name": "Can add content type", "content_type": 7, "codename": "add_contenttype"}}, {"model": "auth.permission", "pk": 26, "fields": {"name": "Can change content type", "content_type": 7, "codename": "change_contenttype"}}, {"model": "auth.permission", "pk": 27, "fields": {"name": "Can delete content type", "content_type": 7, "codename": "delete_contenttype"}}, {"model": "auth.permission", "pk": 28, "fields": {"name": "Can view content type", "content_type": 7, "codename": "view_contenttype"}}, {"model": "auth.permission", "pk": 29, "fields": {"name": "Can add session", "content_type": 8, "codename": "add_session"}}, {"model": "auth.permission", "pk": 30, "fields": {"name": "Can change session", "content_type": 8, "codename": "change_session"}}, {"model": "auth.permission", "pk": 31, "fields": {"name": "Can delete session", "content_type": 8, "codename": "delete_session"}}, {"model": "auth.permission", "pk": 32, "fields": {"name": "Can view session", "content_type": 8, "codename": "view_session"}}, {"model": "auth.permission", "pk": 33, "fields": {"name": "Can add site", "content_type": 9, "codename": "add_site"}}, {"model": "auth.permission", "pk": 34, "fields": {"name": "Can change site", "content_type": 9, "codename": "change_site"}}, {"model": "auth.permission", "pk": 35, "fields": {"name": "Can delete site", "content_type": 9, "codename": "delete_site"}}, {"model": "auth.permission", "pk": 36, "fields": {"name": "Can view site", "content_type": 9, "codename": "view_site"}}, {"model": "auth.permission", "pk": 37, "fields": {"name": "Can add flat page", "content_type": 10, "codename": "add_flatpage"}}, {"model": "auth.permission", "pk": 38, "fields": {"name": "Can change flat page", "content_type": 10, "codename": "change_flatpage"}}, {"model": "auth.permission", "pk": 39, "fields": {"name": "Can delete flat page", "content_type": 10, "codename": "delete_flatpage"}}, {"model": "auth.permission", "pk": 40, "fields": {"name": "Can view flat page", "content_type": 10, "codename": "view_flatpage"}}, {"model": "auth.permission", "pk": 41, "fields": {"name": "Can add kv store", "content_type": 11, "codename": "add_kvstore"}}, {"model": "auth.permission", "pk": 42, "fields": {"name": "Can change kv store", "content_type": 11, "codename": "change_kvstore"}}, {"model": "auth.permission", "pk": 43, "fields": {"name": "Can delete kv store", "content_type": 11, "codename": "delete_kvstore"}}, {"model": "auth.permission", "pk": 44, "fields": {"name": "Can view kv store", "content_type": 11, "codename": "view_kvstore"}}, {"model": "auth.permission", "pk": 45, "fields": {"name": "Can add comment", "content_type": 12, "codename": "add_comment"}}, {"model": "auth.permission", "pk": 46, "fields": {"name": "Can change comment", "content_type": 12, "codename": "change_comment"}}, {"model": "auth.permission", "pk": 47, "fields": {"name": "Can delete comment", "content_type": 12, "codename": "delete_comment"}}, {"model": "auth.permission", "pk": 48, "fields": {"name": "Can view comment", "content_type": 12, "codename": "view_comment"}}, {"model": "auth.permission", "pk": 49, "fields": {"name": "Can add follow", "content_type": 13, "codename": "add_follow"}}, {"model": "auth.permission", "pk": 50, "fields": {"name": "Can change follow", "content_type": 13, "codename": "change_follow"}}, {"model": "auth.permission", "pk": 51, "fields": {"name": "Can delete follow", "content_type": 13, "codename": "delete_follow"}}, {"model": "auth.permission", "pk": 52, "fields": {"name": "Can view follow", "content_type": 13, "codename": "view_follow"}}, {"model": "auth.user", "pk": 1, "fields": {"password": "pbkdf2_sha256$150000$O7LmUeRzFhDD$ypLA9WdbwhieovdBPhBDuqIMZCdmSH/2ThzBkCdFLIQ=", "last_login": "2020-03-05T11:53:29.140Z", "is_superuser": true, "username": "nonini", "first_name": "\u0413\u0435\u0440\u0430\u043b\u044c\u0442 \u0438\u0437 \u0420\u0438\u0432\u0438\u0438", "last_name": "", "email": "lirikbk@gmail.com", "is_staff": true, "is_active": true, "date_joined": "2020-01-25T15:25:40Z", "groups": [], "user_permissions": []}}, {"model": "auth.user", "pk": 2, "fields": {"password": "pbkdf2_sha256$150000$i6TbMj8R3LWw$BNOiAPLM4EfxfGHgv/i4Sh8qEocJB1+FyxBBEJqqEwc=", "last_login": "2020-03-08T17:14:25.222Z", "is_superuser": true, "username": "dell", "first_name": "\u0420\u044f\u0434\u043e\u0432\u043e\u0439", "last_name": "\u0412\u0430\u0434\u044f\u043e", "email": "lirikbk@gmail.com", "is_staff": true, "is_active": true, "date_joined": "2020-02-07T09:49:23Z", "groups": [], "user_permissions": []}}, {"model": "auth.user", "pk": 3, "fields": {"password": "pbkdf2_sha256$150000$eM1PMCodzllk$SdkhF/ACE/WFhPi1SMAssi1YjlZsGx1d3vHyLceeneU=", "last_login": "2020-03-08T17:14:09.508Z", "is_superuser": false, "username": "turnon", "first_name": "", "last_name": "", "email": "", "is_staff": false, "is_active": true, "date_joined": "2020-03-02T11:48:24.015Z", "groups": [], "user_permissions": []}}, {"model": "admin.logentry", "pk": 1, "fields": {"action_time": "2020-01-25T15:31:56.822Z", "user": 1, "content_type": 1, "object_id": "1", "object_repr": "Post object (1)", "action_flag": 1, "change_message": "[{\"added\": {}}]"}}, {"model": "admin.logentry", "pk": 2, "fields": {"action_time": "2020-01-25T15:33:44.907Z", "user": 1, "content_type": 1, "object_id": "2", "object_repr": "Post object (2)", "action_flag": 1, "change_message": "[{\"added\": {}}]"}}, {"model": "admin.logentry", "pk": 3, "fields": {"action_time": "2020-01-25T15:37:56.684Z", "user": 1, "content_type": 6, "object_id": "1", "object_repr": "nonini", "action_flag": 2, "change_message": "[{\"changed\": {\"fields\": [\"first_name\"]}}]"}}, {"model": "admin.logentry", "pk": 4, "fields": {"action_time": "2020-01-25T15:37:59.834Z", "user": 1, "content_type": 1, "object_id": "2", "object_repr": "Post object (2)", "action_flag": 2, "change_message": "[]"}}, {"model": "admin.logentry", "pk": 5, "fields": {"action_time": "2020-01-25T16:25:39.720Z", "user": 1, "content_type": 2, "object_id": "1", "object_repr": "Group object (1)", "action_flag": 1, "change_message": "[{\"added\": {}}]"}}, {"model": "admin.logentry", "pk": 6, "fields": {"action_time": "2020-01-25T16:25:54.208Z", "user": 1, "content_type": 1, "object_id": "2", "object_repr": "Post object (2)", "action_flag": 2, "change_message": "[{\"changed\": {\"fields\": [\"group\"]}}]"}}, {"model": "admin.logentry", "pk": 7, "fields": {"action_time": "2020-01-25T16:25:59.605Z", "user": 1, "content_type": 1, "object_id": "1", "object_repr": "Post object (1)", "action_flag": 2, "change_message": "[{\"changed\": {\"fields\": [\"group\"]}}]"}}, {"model": "admin.logentry", "pk": 8, "fields": {"action_time": "2020-02-15T20:33:13.953Z", "user": 2, "content_type": 1, "object_id": "7", "object_repr": "111111111111111111", "action_flag": 1, "change_message": "[{\"added\": {}}]"}}, {"model": "admin.logentry", "pk": 9, "fields": {"action_time": "2020-02-15T20:33:30.736Z", "user": 2, "content_type": 1, "object_id": "8", "object_repr": "22222222222222", "action_flag": 1, "change_message": "[{\"added\": {}}]"}}, {"model": "admin.logentry", "pk": 10, "fields": {"action_time": "2020-02-15T20:33:41.799Z", "user": 2, "content_type": 1, "object_id": "9", "object_repr": "33333333333333333333333333333", "action_flag": 1, "change_message": "[{\"added\": {}}]"}}, {"model": "admin.logentry", "pk": 11, "fields": {"action_time": "2020-02-15T20:34:35.100Z", "user": 2, "content_type": 1, "object_id": "10", "object_repr": "555555555555555", "action_flag": 1, "change_message": "[{\"added\": {}}]"}}, {"model": "admin.logentry", "pk": 12, "fields": {"action_time": "2020-02-15T20:35:33.261Z", "user": 2, "content_type": 1, "object_id": "11", "object_repr": "444444444444444", "action_flag": 1, "change_message": "[{\"added\": {}}]"}}, {"model": "admin.logentry", "pk": 13, "fields": {"action_time": "2020-02-15T20:35:42.863Z", "user": 2, "content_type": 1, "object_id": "12", "object_repr": "66666666666666", "action_flag": 1, "change_message": "[{\"added\": {}}]"}}, {"model": "admin.logentry", "pk": 14, "fields": {"action_time": "2020-02-15T20:35:52.735Z", "user": 2, "content_type": 1, "object_id": "13", "object_repr": "7777777777777777777", "action_flag": 1, "change_message": "[{\"added\": {}}]"}}, {"model": "admin.logentry", "pk": 15, "fields": {"action_time": "2020-02-15T20:36:11.439Z", "user": 2, "content_type": 1, "object_id": "14", "object_repr": "777777777777777777777", "action_flag": 1, "change_message": "[{\"added\": {}}]"}}, {"model": "admin.logentry", "pk": 16, "fields": {"action_time": "2020-02-15T20:36:21.283Z", "user": 2, "content_type": 1, "object_id": "15", "object_repr": "8888888888888888888", "action_flag": 1, "change_message": "[{\"added\": {}}]"}}, {"model": "admin.logentry", "pk": 17, "fields": {"action_time": "2020-02-15T20:36:35.769Z", "user": 2, "content_type": 1, "object_id": "16", "object_repr": "999999999999999999", "action_flag": 1, "change_message": "[{\"added\": {}}]"}}, {"model": "admin.logentry", "pk": 18, "fields": {"action_time": "2020-02-15T20:36:48.779Z", "user": 2, "content_type": 1, "object_id": "17", "object_repr": "10000000000000", "action_flag": 1, "change_message": "[{\"added\": {}}]"}}, {"model": "admin.logentry", "pk": 19, "fields": {"action_time": "2020-02-15T20:36:58.864Z", "user": 2, "content_type": 1, "object_id": "18", "object_repr": "qaaaaaa", "action_flag": 1, "change_message": "[{\"added\": {}}]"}}, {"model": "admin.logentry", "pk": 20, "fields": {"action_time": "2020-02-15T20:37:14.824Z", "user": 2, "content_type": 1, "object_id": "19", "object_repr": "hhhhhhhhhhhhhh", "action_flag": 1, "change_message": "[{\"added\": {}}]"}}, {"model": "admin.logentry", "pk": 21, "fields": {"action_time": "2020-02-15T20:37:27.104Z", "user": 2, "content_type": 1, "object_id": "20", "object_repr": "5555555555555666666666666", "action_flag": 1, "change_message": "[{\"added\": {}}]"}}, {"model": "admin.logentry", "pk": 22, "fields": {"action_time": "2020-02-15T20:37:38.671Z", "user": 2, "content_type": 1, "object_id": "21", "object_repr": "jjjjjjjjkkkkkkkkkkk", "action_flag": 1, "change_message": "[{\"added\": {}}]"}}, {"model": "admin.logentry", "pk": 23, "fields": {"action_time": "2020-02-15T21:20:54.747Z", "user": 2, "content_type": 9, "object_id": "1", "object_repr": "127.0.0.1:8000", "action_flag": 2, "change_message": "[{\"changed\": {\"fields\": [\"domain\", \"name\"]}}]"}}, {"model": "admin.logentry", "pk": 24, "fields": {"action_time": "2020-02-15T21:28:46.035Z", "user": 2, "content_type": 10, "object_id": "1", "object_repr": "/contacts/ -- \u041a\u043e\u043d\u0442\u0430\u043a\u0442\u043d\u0430\u044f \u0438\u043d\u0444\u043e\u0440\u043c\u0430\u0446\u0438\u044f", "action_flag": 1, "change_message": "[{\"added\": {}}]"}}, {"model": "admin.logentry", "pk": 25, "fields": {"action_time": "2020-02-15T21:29:59.606Z", "user": 2, "content_type": 10, "object_id": "1", "object_repr": "/contacts/ -- \u041a\u043e\u043d\u0442\u0430\u043a\u0442\u043d\u0430\u044f \u0438\u043d\u0444\u043e\u0440\u043c\u0430\u0446\u0438\u044f", "action_flag": 2, "change_message": "[{\"changed\": {\"fields\": [\"content\"]}}]"}}, {"model": "admin.logentry", "pk": 26, "fields": {"action_time": "2020-02-15T22:06:33.510Z", "user": 2, "content_type": 10, "object_id": "2", "object_repr": "/about-author/ -- \u041e\u0431 \u0430\u0432\u0442\u043e\u0440\u0435", "action_flag": 1, "change_message": "[{\"added\": {}}]"}}, {"model": "admin.logentry", "pk": 27, "fields": {"action_time": "2020-02-16T09:53:54.547Z", "user": 2, "content_type": 10, "object_id": "2", "object_repr": "/about-author/ -- \u041e\u0431 \u0430\u0432\u0442\u043e\u0440\u0435", "action_flag": 2, "change_message": "[{\"changed\": {\"fields\": [\"content\"]}}]"}}, {"model": "admin.logentry", "pk": 28, "fields": {"action_time": "2020-02-16T09:59:32.309Z", "user": 2, "content_type": 10, "object_id": "2", "object_repr": "/about-author/ -- \u041e\u0431 \u0430\u0432\u0442\u043e\u0440\u0435", "action_flag": 2, "change_message": "[{\"changed\": {\"fields\": [\"content\"]}}]"}}, {"model": "admin.logentry", "pk": 29, "fields": {"action_time": "2020-02-16T10:00:57.244Z", "user": 2, "content_type": 10, "object_id": "2", "object_repr": "/about-author/ -- \u041e\u0431 \u0430\u0432\u0442\u043e\u0440\u0435", "action_flag": 2, "change_message": "[{\"changed\": {\"fields\": [\"content\"]}}]"}}, {"model": "admin.logentry", "pk": 30, "fields": {"action_time": "2020-02-16T10:02:04.033Z", "user": 2, "content_type": 10, "object_id": "2", "object_repr": "/about-author/ -- \u041e\u0431 \u0430\u0432\u0442\u043e\u0440\u0435", "action_flag": 2, "change_message": "[{\"changed\": {\"fields\": [\"content\"]}}]"}}, {"model": "admin.logentry", "pk": 31, "fields": {"action_time": "2020-02-16T10:15:27.491Z", "user": 2, "content_type": 10, "object_id": "2", "object_repr": "/about-author/ -- \u041e\u0431 \u0430\u0432\u0442\u043e\u0440\u0435", "action_flag": 2, "change_message": "[{\"changed\": {\"fields\": [\"content\"]}}]"}}, {"model": "admin.logentry", "pk": 32, "fields": {"action_time": "2020-02-16T10:16:34.364Z", "user": 2, "content_type": 10, "object_id": "2", "object_repr": "/about-author/ -- \u041e\u0431 \u0430\u0432\u0442\u043e\u0440\u0435", "action_flag": 2, "change_message": "[{\"changed\": {\"fields\": [\"content\"]}}]"}}, {"model": "admin.logentry", "pk": 33, "fields": {"action_time": "2020-02-16T10:19:12.127Z", "user": 2, "content_type": 10, "object_id": "2", "object_repr": "/about-author/ -- \u041e\u0431 \u0430\u0432\u0442\u043e\u0440\u0435", "action_flag": 2, "change_message": "[{\"changed\": {\"fields\": [\"content\"]}}]"}}, {"model": "admin.logentry", "pk": 34, "fields": {"action_time": "2020-02-16T10:20:26.414Z", "user": 2, "content_type": 10, "object_id": "2", "object_repr": "/about-author/ -- \u041e\u0431 \u0430\u0432\u0442\u043e\u0440\u0435", "action_flag": 2, "change_message": "[{\"changed\": {\"fields\": [\"content\"]}}]"}}, {"model": "admin.logentry", "pk": 35, "fields": {"action_time": "2020-02-16T10:21:43.317Z", "user": 2, "content_type": 10, "object_id": "2", "object_repr": "/about-author/ -- \u041e\u0431 \u0430\u0432\u0442\u043e\u0440\u0435", "action_flag": 2, "change_message": "[{\"changed\": {\"fields\": [\"content\"]}}]"}}, {"model": "admin.logentry", "pk": 36, "fields": {"action_time": "2020-02-16T10:22:17.288Z", "user": 2, "content_type": 10, "object_id": "2", "object_repr": "/about-author/ -- \u041e\u0431 \u0430\u0432\u0442\u043e\u0440\u0435", "action_flag": 2, "change_message": "[{\"changed\": {\"fields\": [\"content\"]}}]"}}, {"model": "admin.logentry", "pk": 37, "fields": {"action_time": "2020-02-16T10:51:17.382Z", "user": 2, "content_type": 2, "object_id": "2", "object_repr": "Group object (2)", "action_flag": 1, "change_message": "[{\"added\": {}}]"}}, {"model": "admin.logentry", "pk": 38, "fields": {"action_time": "2020-02-16T10:53:06.281Z", "user": 2, "content_type": 6, "object_id": "2", "object_repr": "dell", "action_flag": 2, "change_message": "[{\"changed\": {\"fields\": [\"first_name\", \"last_name\"]}}]"}}, {"model": "admin.logentry", "pk": 39, "fields": {"action_time": "2020-03-01T11:14:45.315Z", "user": 2, "content_type": 2, "object_id": "2", "object_repr": "\u0422\u044b\u0440 \u041f\u044b\u0440 8 \u0414\u044b\u0440", "action_flag": 2, "change_message": "[{\"changed\": {\"fields\": [\"slug\"]}}]"}}, {"model": "posts.follow", "pk": 2, "fields": {"user": 1, "author": 2}}, {"model": "posts.follow", "pk": 3, "fields": {"user": 1, "author": 2}}, {"model": "posts.follow", "pk": 5, "fields": {"user": 3, "author": 1}}, {"model": "posts.follow", "pk": 9, "fields": {"user": 2, "author": 1}}, {"model": "posts.follow", "pk": 12, "fields": {"user": 1, "author": 2}}, {"model": "posts.follow", "pk": 15, "fields": {"user": 1, "author": 3}}, {"model": "posts.follow", "pk": 16, "fields": {"user": 2, "author": 1}}, {"model": "posts.follow", "pk": 17, "fields": {"user": 2, "author": 3}}, {"model": "posts.follow", "pk": 20, "fields": {"user": 2, "author": 2}}, {"model": "posts.comment", "pk": 1, "fields": {"post": 15, "author": 2, "text": "hello", "created": "2020-03-02T10:59:49.152Z"}}, {"model": "posts.comment", "pk": 2, "fields": {"post": 29, "author": 2, "text": "profile", "created": "2020-03-02T11:31:59.192Z"}}, {"model": "posts.comment", "pk": 3, "fields": {"post": 29, "author": 2, "text": "itemate", "created": "2020-03-02T11:32:05.528Z"}}, {"model": "posts.comment", "pk": 4, "fields": {"post": 15, "author": 1, "text": "turn on", "created": "2020-03-02T11:47:53.371Z"}}, {"model": "posts.comment", "pk": 5, "fields": {"post": 26, "author": 2, "text": "\u041d\u0435 \u0431\u0430\u0437\u0430\u0440\u044c \u0431\u0435\u0437 \u043c\u0430\u0441\u0442\u0438", "created": "2020-03-02T14:23:14.486Z"}}, {"model": "posts.comment", "pk": 6, "fields": {"post": 19, "author": 2, "text": "\u0417\u0430 \u0441\u0442\u0435\u043d\u0443 \u041c\u0430\u0440\u0438\u044f!", "created": "2020-03-02T14:39:40.990Z"}}, {"model": "posts.comment", "pk": 7, "fields": {"post": 36, "author": 2, "text": "I took the easy way out", "created": "2020-03-04T18:15:59.808Z"}}, {"model": "posts.post", "pk": 1, "fields": {"text": "\u0417\u043b\u043e \u2014 \u044d\u0442\u043e \u0437\u043b\u043e. \u041c\u0435\u043d\u044c\u0448\u0435\u0435, \u0431\u043e\u0301\u043b\u044c\u0448\u0435\u0435, \u0441\u0440\u0435\u0434\u043d\u0435\u0435 \u2014 \u0432\u0441\u0451 \u0435\u0434\u0438\u043d\u043e, \u043f\u0440\u043e\u043f\u043e\u0440\u0446\u0438\u0438 \u0443\u0441\u043b\u043e\u0432\u043d\u044b, \u0430 \u0433\u0440\u0430\u043d\u0438\u0446\u044b \u0440\u0430\u0437\u043c\u044b\u0442\u044b. \u042f \u043d\u0435 \u0441\u0432\u044f\u0442\u043e\u0439 \u043e\u0442\u0448\u0435\u043b\u044c\u043d\u0438\u043a, \u043d\u0435 \u0442\u043e\u043b\u044c\u043a\u043e \u043e\u0434\u043d\u043e \u0434\u043e\u0431\u0440\u043e \u0442\u0432\u043e\u0440\u0438\u043b \u0432 \u0436\u0438\u0437\u043d\u0438. \u041d\u043e \u0435\u0441\u043b\u0438 \u043f\u0440\u0438\u0445\u043e\u0434\u0438\u0442\u0441\u044f \u0432\u044b\u0431\u0438\u0440\u0430\u0442\u044c \u043c\u0435\u0436\u0434\u0443 \u043e\u0434\u043d\u0438\u043c \u0437\u043b\u043e\u043c \u0438 \u0434\u0440\u0443\u0433\u0438\u043c, \u044f \u043f\u0440\u0435\u0434\u043f\u043e\u0447\u0438\u0442\u0430\u044e \u043d\u0435 \u0432\u044b\u0431\u0438\u0440\u0430\u0442\u044c \u0432\u043e\u043e\u0431\u0449\u0435.", "pub_date": "2020-01-25T15:31:56.769Z", "author": 1, "group": 1, "image": ""}}, {"model": "posts.post", "pk": 2, "fields": {"text": "\u041b\u0430\u043c\u0431\u0435\u0440\u0442, \u041b\u0430\u043c\u0431\u0435\u0440\u0442, \u0445\u0435\u0440 \u043c\u043e\u0440\u0436\u043e\u0432\u044b\u0439. \u041b\u0430\u043c\u0431\u0435\u0440\u0442, \u041b\u0430\u043c\u0431\u0435\u0440\u0442, \u0432\u0440\u0435\u0434\u043d\u044b\u0439 \u0445\u0443\u0439.", "pub_date": "2020-01-25T15:33:44.905Z", "author": 1, "group": 1, "image": ""}}, {"model": "posts.post", "pk": 4, "fields": {"text": "Oops, I did it again", "pub_date": "2020-01-31T10:25:24.189Z", "author": 1, "group": null, "image": ""}}, {"model": "posts.post", "pk": 5, "fields": {"text": "\u0423\u0442\u0440\u043e\u043c\u044a \u0433\u043e\u043b\u044c\u0434\u044a \u0414\u0435\u0440\u0441\u0443 \u0423\u0437\u0430\u043b\u0430 \u043d\u0430 \u043f\u043e\u0432\u0442\u043e\u0440\u043d\u043e \u0437\u0430\u0434\u0430\u043d\u043d\u044b\u0439 \u0432\u043e\u043f\u0440\u043e\u0441\u044a \u0441\u043e\u0433\u043b\u0430\u0441\u0435\u043d\u044a \u043b\u0438 \u043e\u043d\u044a \u043f\u043e\u0441\u0442\u0443\u043f\u0438\u0442\u044c \u043f\u0440\u043e\u0432\u043e\u0434\u043d\u0438\u043a\u043e\u043c\u044a \u0438\u0437\u044a\u044f\u0432\u0438\u043b\u044a \u0441\u0432\u043e\u0435 \u0441\u043e\u0433\u043b\u0430\u0441\u0456\u0435 \u0438 \u0441\u044a \u044d\u0442\u043e\u0433\u043e \u043c\u043e\u043c\u0435\u043d\u0442\u0430 \u043e\u043d\u044a \u0441\u0442\u0430\u043b\u044a \u0447\u043b\u0435\u043d\u043e\u043c \u044d\u043a\u0441\u043f\u0435\u0434\u0438\u0446\u0456\u0438", "pub_date": "2020-01-31T10:26:34.174Z", "author": 1, "group": null, "image": ""}}, {"model": "posts.post", "pk": 6, "fields": {"text": "\u0413\u0440\u0443\u043f\u043f\u0430", "pub_date": "2020-02-08T16:43:18.335Z", "author": 2, "group": 1, "image": ""}}, {"model": "posts.post", "pk": 7, "fields": {"text": "111111111111111111", "pub_date": "2020-02-15T20:33:13.950Z", "author": 2, "group": 1, "image": ""}}, {"model": "posts.post", "pk": 8, "fields": {"text": "22222222222222", "pub_date": "2020-02-15T20:33:30.734Z", "author": 2, "group": 1, "image": ""}}, {"model": "posts.post", "pk": 9, "fields": {"text": "33333333333333333333333333333", "pub_date": "2020-02-15T20:33:41.796Z", "author": 2, "group": 1, "image": ""}}, {"model": "posts.post", "pk": 10, "fields": {"text": "555555555555555", "pub_date": "2020-02-15T20:34:35.096Z", "author": 2, "group": 1, "image": ""}}, {"model": "posts.post", "pk": 11, "fields": {"text": "444444444444444", "pub_date": "2020-02-15T20:35:33.255Z", "author": 2, "group": 1, "image": ""}}, {"model": "posts.post", "pk": 12, "fields": {"text": "66666666666666", "pub_date": "2020-02-15T20:35:42.858Z", "author": 2, "group": 1, "image": ""}}, {"model": "posts.post", "pk": 13, "fields": {"text": "7777777777777777777", "pub_date": "2020-02-15T20:35:52.731Z", "author": 2, "group": 1, "image": ""}}, {"model": "posts.post", "pk": 14, "fields": {"text": "777777777777777777777", "pub_date": "2020-02-15T20:36:11.436Z", "author": 2, "group": 1, "image": ""}}, {"model": "posts.post", "pk": 15, "fields": {"text": "8888888888888888888", "pub_date": "2020-02-15T20:36:21.281Z", "author": 2, "group": 1, "image": ""}}, {"model": "posts.post", "pk": 16, "fields": {"text": "999999999999999999", "pub_date": "2020-02-15T20:36:35.766Z", "author": 2, "group": 1, "image": ""}}, {"model": "posts.post", "pk": 17, "fields": {"text": "10000000000000", "pub_date": "2020-02-15T20:36:48.773Z", "author": 2, "group": 1, "image": ""}}, {"model": "posts.post", "pk": 18, "fields": {"text": "\u0413\u0430\u0434\u044b\u043d\u0430 \u0441\u0443\u0434\u0430. \u0421 \u0441\u0443\u0434\u044c\u0435\u0439 \u0418\u0433\u043d\u0430\u0442\u043e\u043c!", "pub_date": "2020-02-15T20:36:58.861Z", "author": 2, "group": 1, "image": ""}}, {"model": "posts.post", "pk": 19, "fields": {"text": "Sasageyo!", "pub_date": "2020-02-15T20:37:14.817Z", "author": 2, "group": 1, "image": ""}}, {"model": "posts.post", "pk": 20, "fields": {"text": "Hora Hora din Moldova", "pub_date": "2020-02-15T20:37:27.100Z", "author": 2, "group": 1, "image": ""}}, {"model": "posts.post", "pk": 21, "fields": {"text": "Deutschland, Deutschland \u00fcber allen", "pub_date": "2020-02-15T20:37:38.668Z", "author": 2, "group": 1, "image": "posts/original.jpg"}}, {"model": "posts.post", "pk": 22, "fields": {"text": "A venit Toamna!", "pub_date": "2020-02-26T20:38:41.888Z", "author": 2, "group": null, "image": ""}}, {"model": "posts.post", "pk": 23, "fields": {"text": "\u0420\u0430\u0441\u0441\u0432\u0435\u0442 \u0443 \u0431\u043e\u043b\u044c\u0448\u0430\u043a\u0430", "pub_date": "2020-02-29T20:41:49.175Z", "author": 2, "group": null, "image": ""}}, {"model": "posts.post", "pk": 24, "fields": {"text": "Yennefer", "pub_date": "2020-02-29T20:44:15.539Z", "author": 2, "group": null, "image": ""}}, {"model": "posts.post", "pk": 25, "fields": {"text": "gun", "pub_date": "2020-02-29T20:50:54.310Z", "author": 2, "group": null, "image": ""}}, {"model": "posts.post", "pk": 26, "fields": {"text": "ert", "pub_date": "2020-02-29T20:54:31.194Z", "author": 2, "group": null, "image": "posts/IMG_1493.JPG"}}, {"model": "posts.post", "pk": 27, "fields": {"text": "\u0430\u043f\u0440\u043e\u043b", "pub_date": "2020-02-29T21:05:28.494Z", "author": 2, "group": null, "image": ""}}, {"model": "posts.post", "pk": 28, "fields": {"text": "\u043f\u0440\u043e\u043b", "pub_date": "2020-02-29T21:11:33.168Z", "author": 2, "group": null, "image": "posts/6203b83.jpg"}}, {"model": "posts.post", "pk": 29, "fields": {"text": "80", "pub_date": "2020-03-01T08:40:26.192Z", "author": 2, "group": null, "image": "posts/d164f536487949.571e7ee4b20f2.jpg"}}, {"model": "posts.post", "pk": 30, "fields": {"text": "\u041a\u043e\u0440\u0440\u0435\u0441\u043f\u043e\u043d\u0434\u0435\u043d\u0442 \u0420\u0430\u0434\u0443\u0436\u043d\u044b\u0439", "pub_date": "2020-03-02T14:20:29.376Z", "author": 2, "group": null, "image": ""}}, {"model": "posts.post", "pk": 31, "fields": {"text": "fsfdfds", "pub_date": "2020-03-03T08:58:15.896Z", "author": 2, "group": null, "image": ""}}, {"model": "posts.post", "pk": 32, "fields": {"text": "baldor", "pub_date": "2020-03-03T09:34:01.689Z", "author": 2, "group": null, "image": ""}}, {"model": "posts.post", "pk": 33, "fields": {"text": "\u041f\u0443\u043f\u0430 \u0438 \u041b\u0443\u043f\u0430.", "pub_date": "2020-03-04T14:36:43.501Z", "author": 1, "group": null, "image": ""}}, {"model": "posts.post", "pk": 34, "fields": {"text": "\u0422\u044b\u0440 \u043f\u044b\u0440 8 \u0434\u044b\u0440", "pub_date": "2020-03-04T14:41:36.735Z", "author": 3, "group": null, "image": ""}}, {"model": "posts.post", "pk": 35, "fields": {"text": "\u0430\u0432\u044b\u0430", "pub_date": "2020-03-04T14:42:25.924Z", "author": 3, "group": null, "image": ""}}, {"model": "posts.post", "pk": 36, "fields": {"text": "run away", "pub_date": "2020-03-04T14:47:28.309Z", "author": 3, "group": null, "image": "posts/IOM1zpyziqY.jpg"}}, {"model": "posts.post", "pk": 37, "fields": {"text": "fghjklllllllllllllllllllllllllllllllllllllllllllllllllllllllllllllllllllllllllll", "pub_date": "2020-03-04T14:50:46.116Z", "author": 3, "group": null, "image": ""}}, {"model": "posts.post", "pk": 38, "fields": {"text": "\u0410 \u0432\u044b \u043d\u043e\u043a\u0442\u044e\u0440\u043d \u0441\u044b\u0433\u0440\u0430\u0442\u044c \u0441\u043c\u043e\u0433\u043b\u0438 \u0431\u044b\r\n\u043d\u0430 \u0444\u043b\u0435\u0439\u0442\u0430\u0445 \u0432\u043e\u0434\u043e\u0441\u0442\u043e\u0447\u043d\u044b\u0445 \u0442\u0440\u0443\u0431?", "pub_date": "2020-03-04T14:53:40.676Z", "author": 2, "group": null, "image": ""}}, {"model": "posts.post", "pk": 39, "fields": {"text": "\u041f\u043e\u044d\u0437\u0438\u044f - \u0442\u0430 \u0436\u0435 \u0434\u043e\u0431\u044b\u0447\u0430 \u0440\u0430\u0434\u0438\u044f\r\n\u0413\u0440\u0430\u043c \u0434\u043e\u0431\u044b\u0447\u0438 \u0432 \u0433\u043e\u0434 \u0442\u0440\u0443\u0434\u044b\r\n\u0438\u0437\u0432\u043e\u0434\u0438\u0448\u044c \u0435\u0434\u0438\u043d\u043e\u0433\u043e \u0441\u043b\u043e\u0432\u0430 \u0440\u0430\u0434\u0438\r\n\u0442\u044b\u0441\u044f\u0447\u0438 \u0442\u043e\u043d\u043d \u0441\u043b\u043e\u0432\u0435\u0441\u0442\u043d\u043e\u0439 \u0440\u0443\u0434\u044b", "pub_date": "2020-03-04T16:37:49.343Z", "author": 2, "group": null, "image": ""}}, {"model": "posts.post", "pk": 40, "fields": {"text": "\u043d\u0435\u0440\u043f\u0440\u043e", "pub_date": "2020-03-04T16:39:55.325Z", "author": 2, "group": null, "image": ""}}, {"model": "posts.post", "pk": 41, "fields": {"text": "\u043d\u0435\u043d\u0435\u043d\u0435\u043d\u0435", "pub_date": "2020-03-04T16:40:03.015Z", "author": 2, "group": null, "image": ""}}, {"model": "posts.post", "pk": 42, "fields": {"text": "\u043d\u0440\u0440\u0442\u044c\u044c", "pub_date": "2020-03-04T16:44:30.767Z", "author": 2, "group": null, "image": ""}}, {"model": "posts.post", "pk": 43, "fields": {"text": "rty", "pub_date": "2020-03-05T12:10:38.624Z", "author": 1, "group": null, "image": ""}}, {"model": "posts.post", "pk": 44, "fields": {"text": "qqqqqwwwwww", "pub_date": "2020-03-05T12:15:10.125Z", "author": 1, "group": null, "image": ""}}, {"model": "posts.post", "pk": 45, "fields": {"text": "\u0430\u0432\u043f\u0430\u0432\u043f", "pub_date": "2020-03-05T13:11:04.265Z", "author": 2, "group": null, "image": ""}}, {"model": "posts.post", "pk": 46, "fields": {"text": "Bloomberg", "pub_date": "2020-03-05T13:16:17.385Z", "author": 2, "group": null, "image": ""}}, {"model": "posts.post", "pk": 47, "fields": {"text": "Jobs", "pub_date": "2020-03-05T13:16:33.219Z", "author": 2, "group": null, "image": ""}}, {"model": "posts.post", "pk": 48, "fields": {"text": "TEST", "pub_date": "2020-03-05T19:09:50.776Z", "author": 2, "group": null, "image": ""}}]